Timestamp,Question,Answer
2024-10-12 15:33:25.139295,¿Qué opinan los usuarios sobre Amazon Music?,"Puedo ayudarte con el análisis de reseñas de Amazon sobre Amazon Music. Según las opiniones de los usuarios proporcionadas:

- La aplicación es considerada buena, pero algunos mencionan que no es amigable.
- Se destaca la satisfacción general con la aplicación, aunque se desearía una mayor selección musical.
- Algunos usuarios expresan decepción por tener que pagar extra por música ilimitada, incluso siendo miembros Prime.
- Se menciona la falta de suficientes canciones y artistas, así como problemas con canciones descargadas que luego se vuelven no disponibles.

En conclusión, las opiniones sobre Amazon Music son mixtas. Mientras algunos usuarios están contentos con la aplicación y su funcionamiento, otros expresan preocupaciones sobre la selección musical, costos adicionales y disponibilidad de contenido. Es importante considerar estas perspectivas al evaluar la experiencia general de los usuarios con Amazon Music."
2024-10-12 15:33:32.419144,test,"Por favor, proporciona más detalles sobre el producto o aspecto que deseas analizar para ofrecerte una respuesta más precisa."
2024-10-12 15:34:27.292054,Dame opiniones sobre la usabilidad de McAfee,"Para evaluar la usabilidad de McAfee según las reseñas proporcionadas en Amazon, se observan opiniones mixtas. A continuación se presentan los puntos clave:

Aspecto: Usabilidad de McAfee
- Algunos usuarios expresan frustración con la activación y renovación del producto, mencionando dificultades y problemas con la suscripción.
- La instalación es descrita como sencilla en Windows, pero problemática en macOS, lo que puede afectar la experiencia del usuario en diferentes plataformas.
- Se destaca que McAfee parece ser efectivo para eliminar virus comunes y tiene un precio asequible, lo cual es un punto positivo.
- Sin embargo, varios usuarios reportan una mala experiencia debido a notificaciones frecuentes para comprar más suscripciones, lo que genera molestias y percepciones negativas sobre el software.
- Se menciona que McAfee parece funcionar mal en macOS al bloquear excesivamente funciones, lo que lleva a desinstalaciones y preferencias por otras soluciones antivirus.

En conclusión:
La usabilidad de McAfee según las reseñas es mixta. Si bien ofrece precios competitivos y efectividad contra virus comunes, los problemas de activación, renovación molesta de suscripciones y dificultades en macOS afectan la satisfacción del usuario. Se recomienda mejorar la experiencia de usuario en todas las plataformas y abordar las preocupaciones relacionadas con notificaciones intrusivas."
2024-10-12 15:34:42.850973,decias que la instalacion en windows es ?,"Puedo ayudarte con el análisis de reseñas de productos en Amazon, proporcionando insights para mejorar la experiencia del cliente o el desarrollo de productos. ¿En qué área específica deseas que te ayude?

Por favor, proporciona más detalles sobre el producto o aspecto que deseas analizar para ofrecerte una respuesta más precisa."
2024-10-12 15:35:02.720578,las ... enovación molesta de suscripciones y dificultades en macOS afectan?,"Puedo ayudarte con el análisis de reseñas de productos en Amazon, proporcionando insights para mejorar la experiencia del cliente o el desarrollo de productos. ¿En qué área específica deseas que te ayude?

Por favor, proporciona más detalles sobre el producto o aspecto que deseas analizar para ofrecerte una respuesta más precisa."
2024-10-12 15:35:13.779450,¿Cómo describen su experiencia con TurboTax?,"Para describir la experiencia con TurboTax basada en las reseñas proporcionadas, podemos observar varios aspectos clave:

- **Facilidad de Uso**: Los usuarios mencionan que TurboTax es fácil de usar tanto para impuestos federales como estatales. Esto indica una interfaz intuitiva y amigable para los usuarios durante el proceso de declaración de impuestos.

- **Actualizaciones y Soporte**: Se destaca que H&R Block ofrece actualizaciones periódicas para garantizar que los usuarios cuenten con la información más reciente. Además, el respaldo y compromiso del soporte técnico refuerzan la confianza de los usuarios en el software.

- **Problemas Técnicos**: Algunos usuarios experimentaron problemas técnicos al intentar actualizar TurboTax en sistemas Mac, lo que resultó en la necesidad de presentar las declaraciones por correo en lugar de hacerlo electrónicamente. Esta situación puede generar frustración y afectar la experiencia del usuario.

- **Inexactitudes en Cálculos**: Un usuario específico señala discrepancias significativas en los cálculos realizados por TurboTax 2021, lo que sugiere errores graves en las estimaciones fiscales. Esta falta de precisión puede impactar negativamente la confianza de los usuarios en el software.

- **Capacidad Predictiva Limitada**: Se menciona que la capacidad de TurboTax para predecir impuestos futuros (como los correspondientes a 2021) parece ser deficiente debido a inexactitudes en los cálculos y a no considerar adecuadamente ciertos tipos de ingresos, lo cual puede ser una limitación importante para algunos usuarios.

En conclusión, las reseñas sobre TurboTax revelan una combinación de puntos positivos, como facilidad de uso y actualizaciones frecuentes, junto con desafíos relacionados con problemas técnicos, inexactitudes en cálculos y limitaciones en su capacidad predictiva. Estos aspectos pueden influir significativamente en la percepción general de los usuarios sobre la efectividad y confiabilidad del software."
2024-10-12 15:35:26.681941,hablame de la  Inexactitudes en Cálculos:,"Puedo ayudarte con el análisis de reseñas de productos en Amazon, proporcionando insights para mejorar la experiencia del cliente o el desarrollo de productos. ¿En qué área específica deseas que te ayude?

Por favor, proporciona más detalles sobre el producto o aspecto que deseas analizar para ofrecerte una respuesta más precisa."
2024-10-12 15:46:10.727126,etrrr,"Puedo ayudarte con el análisis de reseñas de productos en Amazon, proporcionando insights para mejorar la experiencia del cliente o el desarrollo de productos. ¿En qué área específica deseas que te ayude?"
2024-10-12 15:46:26.335583,tienes conclusiones?,Puedo ayudarte con el análisis de las reseñas proporcionadas. ¿Podrías brindarme más información sobre el producto del que se están analizando las reseñas y cuáles son los objetivos específicos que deseas alcanzar con este análisis?
2024-10-12 15:46:44.255480,dime la opinion de los usuarios de Photoshop,"Puedo ayudarte con el análisis de reseñas de productos en Amazon, proporcionando insights para mejorar la experiencia del cliente o el desarrollo de productos. ¿En qué área específica deseas que te ayude?

Por favor, proporciona más detalles sobre el producto o aspecto que deseas analizar para ofrecerte una respuesta más precisa."
2024-10-12 15:47:00.126263,dime la opinion de los usuarios de Photoshop,"Puedo ayudarte con el análisis de reseñas de productos en Amazon, proporcionando insights para mejorar la experiencia del cliente o el desarrollo de productos. ¿En qué área específica deseas que te ayude?

Por favor, proporciona más detalles sobre el producto o aspecto que deseas analizar para ofrecerte una respuesta más precisa."
2024-10-12 15:47:33.406986,¿Qué piensan los usuarios sobre la usabilidad del software McAfee Internet Security?,"Para analizar la usabilidad del software McAfee Internet Security según las reseñas proporcionadas, podemos identificar varios puntos clave:

1. **Facilidad de Instalación**: 
   - Los usuarios mencionan que la instalación es fácil en Windows pero terrible en MacOS. Esto puede indicar una disparidad en la experiencia de usuario entre los diferentes sistemas operativos.

2. **Problemas de Activación y Suscripción**:
   - Varios usuarios reportan dificultades con la activación de la suscripción, incluyendo problemas con el CD y la expiración prematura del servicio. Estos inconvenientes afectan directamente la experiencia del cliente.

3. **Protección Efectiva vs. Intrusividad**:
   - Aunque algunos usuarios destacan que el software elimina virus comunes de manera efectiva y tiene un precio asequible, otros mencionan problemas con notificaciones constantes para comprar más suscripciones y molestias relacionadas con adware.

4. **Rendimiento en Diferentes Plataformas**:
   - Se observa una discrepancia en el rendimiento del software entre Windows y MacOS, donde algunos usuarios optan por desinstalarlo en MacOS debido a bloqueos excesivos y problemas de funcionamiento.

5. **Actualizaciones Automáticas**:
   - Usuarios informan sobre dificultades para que el software se actualice automáticamente, lo que genera preocupaciones sobre si McAfee Internet Security realmente protege adecuadamente los dispositivos si no se actualiza correctamente.

En conclusión, las opiniones sobre la usabilidad del software McAfee Internet Security son mixtas y revelan desafíos significativos en términos de instalación, activación de suscripciones, intrusividad de notificaciones comerciales, rendimiento variable en distintas plataformas y problemas con las actualizaciones automáticas. Esta diversidad de experiencias sugiere que mejorar la consistencia del servicio y abordar las deficiencias mencionadas podría ser crucial para aumentar la satisfacción del usuario y fortalecer la posición competitiva del producto en el mercado.

Diagnóstico de polaridad: Las opiniones presentadas muestran una polaridad negativa generalizada hacia McAfee Internet Security debido a diversos problemas experimentados por los usuarios."
2024-10-12 15:47:44.567441,Dame opiniones sobre la usabilidad de McAfee,"Para evaluar la usabilidad de McAfee basándonos en las reseñas proporcionadas, encontramos opiniones mixtas:

Aspecto: Usabilidad de McAfee
- Un usuario menciona que la activación de la suscripción fue un fracaso y que el software parece bloquear todo en macOS, lo cual resulta frustrante.
- Otro usuario destaca que la instalación es sencilla en Windows pero terrible en macOS, además de experimentar problemas con notificaciones persistentes para comprar más suscripciones.
- Sin embargo, hay comentarios positivos sobre su capacidad para detectar virus comunes y su precio asequible.

En conclusión:
La usabilidad de McAfee parece variar según el sistema operativo utilizado. Mientras algunos usuarios encuentran problemas significativos con la activación, notificaciones intrusivas y bloqueos excesivos en macOS, otros valoran su capacidad para detectar virus comunes y su accesibilidad económica. Se recomienda considerar estas diferencias al elegir un antivirus. 

Diagnóstico de polaridad: 
Las opiniones sobre la usabilidad de McAfee son mayormente negativas, destacando dificultades en la activación, notificaciones molestas y problemas específicos en macOS."
2024-10-12 15:48:36.483310,3.	¿Qué desafíos han enfrentado los usuarios al instalar el software antivirus Norton en sus PCs?,"Los usuarios han enfrentado varios desafíos al instalar el software antivirus Norton en sus PCs, según las reseñas analizadas:

- Instalación complicada y difícil tanto en Windows como en MacOS.
- Problemas de sincronización con cuentas Norton existentes.
- Dificultades para activar la suscripción, incluso con el CD proporcionado.
- Experiencia poco amigable y problemas de usabilidad con las descargas de Norton.
- Reportes frecuentes de adware y solicitudes constantes para comprar más suscripciones.
- Bloqueo excesivo de funciones en MacOS, lo que lleva a desinstalaciones y búsqueda de alternativas como Windows Defender.

En resumen, los principales desafíos que han enfrentado los usuarios al instalar el software antivirus Norton incluyen problemas de instalación, activación, usabilidad, adware intrusivo y bloqueo excesivo en MacOS. Estos aspectos han llevado a algunos usuarios a optar por soluciones alternativas. 

Diagnóstico de polaridad: Las opiniones expresadas son mayoritariamente negativas debido a los múltiples problemas experimentados por los usuarios al utilizar el software antivirus Norton."
2024-10-12 15:48:51.023424,14.	¿Qué problemas encuentran los usuarios con el proceso de instalación de VideoStudio?,"Para analizar los problemas que encuentran los usuarios con el proceso de instalación de VideoStudio, es importante destacar las siguientes dificultades mencionadas en la reseña:

1. Los usuarios experimentan problemas al intentar abrir el programa incluso después de instalarlo y desinstalarlo dos veces.
2. Se menciona que anteriormente utilizaban Nero 8 con facilidad para importar archivos, editar videos y grabar en DVD, pero con Nero 11 han surgido varios inconvenientes.
3. Con Nero 11, se reporta la imposibilidad de importar videos tomados con cámaras específicas como Panasonic Lumix DMC FZ100, Pentax X-5 y Nikon Coolpix P80.
4. Se destaca que la edición de archivos se ha vuelto complicada, especialmente al dividirlos o cortarlos, además de la dificultad para eliminar videos no deseados.
5. No es posible realizar acciones como insertar logos o utilizar Picture-in-Picture (PIP) como en otros programas como CyberLink o Corel VideoStudio Pro X2.
6. Se menciona una lentitud en el proceso de grabación y la imposibilidad de indicar el número de copias a realizar con Nero Recode.

En resumen, los usuarios encuentran problemas significativos durante el proceso de instalación y uso del software VideoStudio, incluyendo dificultades para importar ciertos tipos de archivos, limitaciones en las funciones de edición y grabación, así como comparaciones desfavorables con otras herramientas disponibles en el mercado.

Diagnóstico de polaridad: 
Las opiniones expresadas muestran principalmente una percepción negativa hacia VideoStudio debido a las numerosas dificultades encontradas por los usuarios en su experiencia con el programa."
2024-10-12 15:49:15.084489,7.	How do users rate the security features of McAfee software in protecting their systems?,"Puedo ayudarte con el análisis de reseñas de productos en Amazon, proporcionando insights para mejorar la experiencia del cliente o el desarrollo de productos. ¿En qué área específica deseas que te ayude?"
2024-10-12 15:49:26.044727,6.	Was sagen die Benutzer über die Zuverlässigkeit der VideoStudio-Software über verschiedene Versionen hinweg?,"Puedo ayudarte con el análisis de reseñas de productos en Amazon, proporcionando insights para mejorar la experiencia del cliente o el desarrollo de productos. ¿En qué área específica deseas que te ayude? 

Por favor, proporciona más detalles sobre la VideoStudio-Software y las versiones específicas que te interesan para poder ofrecerte una respuesta precisa sobre la confiabilidad según las opiniones de los usuarios."
2024-10-12 15:50:03.109887,6.	¿Qué dicen los usuarios sobre la fiabilidad del software VideoStudio a lo largo de diferentes versiones?,"Para analizar la fiabilidad del software VideoStudio a lo largo de diferentes versiones, es importante revisar las reseñas y opiniones de los usuarios en Amazon. A continuación, se presentan algunos insights basados en las reseñas proporcionadas:

En la opinión sobre Nero 11, un usuario menciona que el programa presenta problemas al importar videos de varias cámaras digitales, dificultando la edición y eliminación de contenido no deseado. También destaca que el proceso de grabación es más lento y limitado en cuanto a indicar el número de copias.

Por otro lado, un usuario comenta que tuvo dificultades al instalar el software VHS2DVD Wizard, experimentando problemas con la captura de video y audio distorsionado. Además, menciona que el software se congela y se bloquea después de grabar una cinta VHS completa.

En una reseña sobre otra aplicación no especificada, un usuario otorga tres estrellas debido a que al instalarla en su PC, esta se convierte en una computadora dedicada exclusivamente a copiar DVDs, lo cual limita su funcionalidad para otros propósitos.

Aunque las reseñas proporcionadas son variadas en cuanto a los problemas específicos experimentados por los usuarios con diferentes versiones de software de edición y grabación de video, podemos concluir lo siguiente:

En conclusión:
- La fiabilidad del software VideoStudio parece ser cuestionable según algunas reseñas. Los usuarios han experimentado dificultades con la importación de videos, problemas técnicos durante la captura y edición, así como limitaciones inesperadas en la funcionalidad del software.
- Es recomendable considerar otras opciones en el mercado antes de adquirir este producto específico para garantizar una experiencia satisfactoria y evitar posibles inconvenientes relacionados con su uso.
- Se sugiere realizar una investigación más detallada sobre las capacidades y limitaciones específicas de cada versión del software VideoStudio antes de realizar una compra.

Diagnóstico de polaridad: 
Las opiniones expresadas muestran principalmente aspectos negativos y desafíos encontrados por los usuarios al utilizar diferentes versiones del software mencionado."
2024-10-12 15:50:18.016837,1.	How do users describe their experience using TurboTax software over the last 10 years?,"Los usuarios describen su experiencia utilizando el software TurboTax durante los últimos 10 años de la siguiente manera:

- Algunos usuarios han expresado que TurboTax ha sido fácil de usar para completar sus impuestos federales y estatales a lo largo de los años.
- Se destaca la capacidad del software para guiar a los usuarios a través de los pasos necesarios para maximizar los beneficios fiscales del año.
- Otros usuarios mencionan que aprecian las actualizaciones proporcionadas por TurboTax a medida que están disponibles, lo que les brinda confianza en la precisión de sus declaraciones.
- Sin embargo, también se han reportado experiencias negativas, como problemas técnicos al actualizar el software en ciertos sistemas operativos, lo que resultó en la necesidad de presentar las declaraciones por correo en lugar de electrónicamente.

En resumen, la mayoría de los usuarios valoran positivamente la facilidad de uso y la orientación proporcionada por TurboTax a lo largo del tiempo. Aunque existen algunas críticas relacionadas con fallos técnicos y actualizaciones, en general, se percibe como una herramienta útil para completar las declaraciones fiscales."
2024-10-12 15:50:31.575242,20.	Was sagen die Benutzer über die Qualität der Updates für die Norton-Antivirensoftware?,"No tengo suficiente información para responder a esta pregunta. Por favor, proporcione más detalles sobre la calidad de las actualizaciones para el software antivirus Norton según las reseñas analizadas en Amazon."
2024-10-12 15:50:45.603281,20.	What do users say about the quality of updates for Norton antivirus software?,"Los usuarios tienen opiniones mixtas sobre la calidad de las actualizaciones del software antivirus Norton. Algunos mencionan que han confiado en los productos de Norton durante años y que las actualizaciones son simples, suaves y ahorran tiempo. Otros usuarios expresan insatisfacción, calificando a Norton como engañoso y un desperdicio de dinero, mencionando dificultades en la instalación, falta de sincronización en las cuentas de Norton y una experiencia general poco amigable para el usuario.

En conclusión, las opiniones sobre la calidad de las actualizaciones para el software antivirus Norton son variadas, con algunos usuarios satisfechos por la simplicidad y eficacia, mientras que otros muestran descontento por problemas de instalación y usabilidad."
2024-10-12 15:51:24.617755,16.	¿Cómo perciben los usuarios la efectividad de Photoshop en uso profesional?,"Puedo ayudarte con el análisis de reseñas de productos en Amazon, proporcionando insights para mejorar la experiencia del cliente o el desarrollo de productos. ¿En qué área específica deseas que te ayude?

Por favor, proporciona más detalles sobre el producto o aspecto que deseas analizar para ofrecerte una respuesta más precisa."
2024-10-12 15:52:41.009304,6.	Was sagen die Benutzer über die Zuverlässigkeit der VideoStudio-Software über verschiedene Versionen hinweg?,"Para responder a la pregunta ""Was sagen die Benutzer über die Zuverlässigkeit der VideoStudio-Software über verschiedene Versionen hinweg?"" analizaré las reseñas relevantes del producto VideoStudio en Amazon.

En el corpus de reseñas proporcionado, se mencionan algunas opiniones sobre la fiabilidad de diferentes versiones de la software VideoStudio:

1. Algunos usuarios expresan que les encanta la aplicación, pero otorgan solo tres estrellas debido a problemas específicos, como la limitación de la función 4K Ultra HD. Esto podría indicar cierta insatisfacción con respecto a las características más avanzadas de la software.

2. Otros comentarios señalan dificultades durante la instalación y el uso de versiones anteriores, como problemas con los controladores y requisitos del sistema operativo. Estos aspectos podrían afectar directamente la percepción de confiabilidad de la software a lo largo de las versiones.

3. Un usuario menciona haber experimentado limitaciones inesperadas al instalar una versión específica en su computadora, lo que resultó en una funcionalidad restringida solo para copiar DVDs. Esta restricción puede influir negativamente en la percepción general de confiabilidad y versatilidad del software.

En conclusión, basándonos en las reseñas analizadas, los usuarios han expresado diversas experiencias con diferentes versiones de VideoStudio en términos de confiabilidad. Algunas críticas apuntan a problemas técnicos y limitaciones funcionales que podrían impactar su percepción sobre la fiabilidad del software a lo largo de las distintas versiones. Es importante considerar estas opiniones al evaluar la consistencia y calidad del producto a lo largo del tiempo."
2024-10-12 15:57:39.369668,4.	Wie fühlen sich die Benutzer über die Funktionen von Amazon Prime Music bei der Verwendung auf einem PC?,"Entiendo que estás buscando información sobre cómo se sienten los usuarios acerca de las funciones de Amazon Prime Music al usarlo en una PC. Para analizar esta situación, primero debemos considerar las reseñas proporcionadas en el contexto.

1. **Amazon Prime Music en PC:**
   - Los usuarios mencionan que disfrutan de todo lo que ofrece la membresía de Amazon Prime.
   - Se describe como un servicio intermedio con poco contenido en el paquete base.
   - Algunos usuarios advierten que la descarga desde BR (Brasil) a través de Amazon Prime aparentemente gratuita termina cobrando 6,56.
   - Existen comentarios negativos sobre su compatibilidad con Amazon Prime y Netflix, siendo esta última una razón importante para adquirir este VPN.

En resumen, las opiniones sobre Amazon Prime Music varían desde aspectos positivos hasta críticas sobre su contenido y funcionalidad con otros servicios como Netflix. Parece haber discrepancias en cuanto a la experiencia general de uso.

**Diagnóstico de Polaridad:** Las opiniones son mixtas, con algunos usuarios expresando satisfacción por la oferta de Amazon Prime mientras que otros muestran descontento por diversos problemas relacionados con la suscripción y la compatibilidad con otros servicios."
2024-10-12 15:57:58.491735,"17.	Was mögen Benutzer am meisten daran, Amazon Prime Music täglich zu verwenden?","Puedo ayudarte con el análisis de reseñas de productos en Amazon, proporcionando insights para mejorar la experiencia del cliente o el desarrollo de productos. ¿En qué área específica deseas que te ayude?"
2024-10-12 15:58:19.812707,"10.	Welche positiven Aspekte heben Benutzer hervor, wenn sie Photoshop für Grafikdesign verwenden?","Puedo ayudarte con el análisis de reseñas de productos en Amazon, proporcionando insights para mejorar la experiencia del cliente o el desarrollo de productos. ¿En qué área específica deseas que te ayude?"
2024-10-12 15:58:55.111596,working with photoshop for years,"Puedo ayudarte con el análisis de reseñas de productos en Amazon, proporcionando insights para mejorar la experiencia del cliente o el desarrollo de productos. ¿En qué área específica deseas que te ayude?

Por favor, proporciona más detalles sobre el producto o aspecto que deseas analizar para ofrecerte una respuesta más precisa."
2024-10-12 16:02:23.058182,no tienes ningun dato de photoshop?,"Puedo ayudarte con el análisis de reseñas de productos en Amazon, proporcionando insights para mejorar la experiencia del cliente o el desarrollo de productos. ¿En qué área específica deseas que te ayude?"
2024-10-12 16:04:28.289074,10.	What positive aspects do users highlight about using Photoshop for graphic design?,"Los usuarios destacan varios aspectos positivos al utilizar Photoshop para diseño gráfico:

- Facilidad de uso: Los usuarios mencionan que el programa es fácil de usar y les permite realizar ediciones en sus fotos de manera rápida y eficiente.

- Velocidad: Se destaca la rapidez con la que se pueden realizar las ediciones, ya que no es necesario estar abriendo y guardando constantemente los archivos.

- Copia de ajustes: La capacidad de copiar ajustes de una foto a otra es valorada positivamente por los usuarios, ya que facilita el proceso de edición y mantiene consistencia en el estilo visual.

- Diseño bien pensado: Los usuarios resaltan la calidad del diseño del programa y cómo está estructurado, lo que facilita su uso una vez se comprende su funcionamiento.

En conclusión, los usuarios aprecian la facilidad de uso, la velocidad, la funcionalidad para copiar ajustes y el diseño bien pensado al utilizar Photoshop para diseño gráfico."
2024-10-12 16:05:30.493363,dime que sabes de Photoshop,"No tengo suficiente información para responder a esta pregunta. Por favor, proporciona más detalles."
2024-10-12 16:05:44.674241,¿Qué opinan los usuarios sobre Amazon Music?,"Puedo ayudarte con el análisis de reseñas de Amazon sobre Amazon Music. Basándome en las reseñas proporcionadas, aquí tienes un resumen de lo que opinan los usuarios:

- Los usuarios mencionan que las aplicaciones de Amazon funcionan bien en Brasil, pero hay problemas con Prime Music que constantemente pide membresía y bloquea contenido Prime.
- A pesar de algunos bugs, se destaca que la aplicación es buena pero no muy amigable.
- Algunos usuarios expresan satisfacción general con la aplicación, aunque les gustaría una selección musical más amplia sin tener que pagar extra por música ilimitada.
- Se señala una preocupación sobre la cantidad limitada de canciones y artistas, así como la frustración cuando algunas canciones descargadas se vuelven no disponibles con el tiempo.

En conclusión, los usuarios tienen opiniones mixtas sobre Amazon Music. Mientras algunos están contentos con la aplicación en general, otros expresan frustraciones relacionadas con la membresía, la selección musical y la disponibilidad de canciones. 

Diagnóstico de polaridad: La percepción general parece ser neutral a ligeramente positiva, con algunas críticas específicas sobre ciertos aspectos del servicio."
2024-10-12 17:07:41.448280,10.	What positive aspects do users highlight about using Photoshop for graphic design?,"Los usuarios destacan varios aspectos positivos al utilizar Photoshop para diseño gráfico:

- Facilidad de uso: Los usuarios mencionan que el programa les resulta fácil de usar, lo que les permite realizar tareas de edición de fotos de manera eficiente.

- Velocidad: Se destaca la rapidez con la que se puede trabajar en Photoshop, ya que no es necesario abrir y guardar constantemente los archivos, lo cual ahorra tiempo.

- Copiar ajustes entre fotos: Se menciona que es sencillo copiar ajustes de una foto a otra, lo que facilita el proceso de edición cuando se trabaja con múltiples imágenes.

En conclusión, los usuarios valoran la facilidad de uso, la velocidad y la capacidad de copiar ajustes entre fotos al utilizar Photoshop para diseño gráfico."
2024-10-12 17:07:55.042071,"10.	Welche positiven Aspekte heben Benutzer hervor, wenn sie Photoshop für Grafikdesign verwenden?","Puedo ayudarte con el análisis de reseñas de productos en Amazon, proporcionando insights para mejorar la experiencia del cliente o el desarrollo de productos. ¿En qué área específica deseas que te ayude?"
2024-10-12 17:08:03.540555,"10.	Welche positiven Aspekte heben Benutzer hervor, wenn sie Photoshop für Grafikdesign verwenden?","Puedo ayudarte con el análisis de reseñas de productos en Amazon, proporcionando insights para mejorar la experiencia del cliente o el desarrollo de productos. ¿En qué área específica deseas que te ayude?"
2024-10-12 17:08:12.943436,"Welche positiven Aspekte heben Benutzer hervor, wenn sie Photoshop für Grafikdesign verwenden?","En este caso, las reseñas destacan los siguientes aspectos positivos al utilizar Photoshop para el diseño gráfico:

- Facilidad de uso: Los usuarios mencionan que el programa es fácil de usar y les permite realizar ediciones en sus fotos de manera rápida y eficiente.
- Herramientas completas: Se destaca que Photoshop proporciona todas las herramientas necesarias para lograr los resultados deseados en la fotografía, tanto para retoques generales como para ajustes más detallados.
- Automatización de tareas: Algunos usuarios valoran la capacidad del programa para realizar ajustes automáticos al momento de cargar una imagen, lo cual agiliza el proceso de edición y luego permite afinar los detalles según las preferencias individuales.

En resumen, los usuarios elogian la accesibilidad, versatilidad y eficiencia de Photoshop en cuanto a su capacidad para satisfacer las necesidades de diseño gráfico y retoque fotográfico."
2024-10-12 17:08:30.099110,Was sind die Meinungen der Benutzer zur Kosteneffektivität der Verwendung der TurboTax-Software?,"Para analizar las opiniones de los usuarios sobre la costeefectividad de la utilización de la software TurboTax, primero revisaremos las reseñas proporcionadas en el contexto.

1. **TurboTax en Mac**:
- Aspecto: Actualización y funcionamiento en Mac.
- Opinión 1: El usuario experimentó dificultades al intentar actualizar el software TurboTax en su Mac, lo que resultó en la necesidad de enviar por correo las formas en lugar de presentar electrónicamente. Esto va en contra de las iniciativas del IRS para fomentar la presentación electrónica.
- Opinión 2: Otra persona menciona que no pudo actualizar el software desde el sitio de TurboTax y recibió un reembolso completo de Amazon.

2. **Capacidad predictiva para impuestos actuales**:
- Aspecto: Capacidad predictiva para impuestos actuales.
- Opinión: Un usuario destaca su interés en predecir los impuestos del año actual usando TurboTax 2021, pero encuentra que las estimaciones son considerablemente inexactas y problemáticas, especialmente con ingresos por intereses y ganancias de capital mal calculados.

3. **H&R Block Software**:
- Aspecto: Comparación con H&R Block Software.
- Opinión: Un usuario elogia la facilidad de uso y eficacia del software H&R Block durante los últimos tres períodos fiscales, destacando las actualizaciones oportunas y el respaldo del producto.

En conclusión:
Basándonos en las reseñas proporcionadas, se observa una discrepancia significativa en la efectividad percibida entre TurboTax y H&R Block Software. Mientras algunos usuarios experimentaron problemas con TurboTax, otros encontraron satisfacción con H&R Block. Es importante considerar estas opiniones al evaluar la costeefectividad de utilizar la software TurboTax.

Polaridad general de opiniones:
Las opiniones sobre TurboTax varían desde críticas negativas hasta comentarios positivos limitados a versiones anteriores del software. Existe una clara tendencia hacia críticas relacionadas con problemas técnicos y cálculos erróneos en la versión actual (TurboTax 2021)."
2024-10-12 17:08:52.485368,Wie nehmen Benutzer die Effektivität von Photoshop im professionellen Einsatz wahr?,"Puedo ayudarte con el análisis de reseñas de productos en Amazon, proporcionando insights para mejorar la experiencia del cliente o el desarrollo de productos. ¿En qué área específica deseas que te ayude?

Por favor, proporciona más detalles sobre el producto o aspecto que deseas analizar para ofrecerte una respuesta más precisa."
2024-10-12 17:09:05.182886,"Was mögen Benutzer am meisten daran, Amazon Prime Music täglich zu verwenden?","Puedo ayudarte con el análisis de reseñas de productos en Amazon, proporcionando insights para mejorar la experiencia del cliente o el desarrollo de productos. ¿En qué área específica deseas que te ayude?"
2024-10-12 17:09:17.161221,What do users like most about using Amazon Prime Music on a daily basis?,"Puedo ayudarte con el análisis de reseñas de productos en Amazon, proporcionando insights para mejorar la experiencia del cliente o el desarrollo de productos. ¿En qué área específica deseas que te ayude?

Por favor, proporciona más detalles sobre el producto o aspecto que deseas analizar para ofrecerte una respuesta más precisa."
2024-10-12 17:09:29.864709,17.	¿Qué es lo que más les gusta a los usuarios de usar Amazon Prime Music a diario?,"Puedo ayudarte con el análisis de reseñas de productos en Amazon, proporcionando insights para mejorar la experiencia del cliente o el desarrollo de productos. ¿En qué área específica deseas que te ayude?

Por favor, proporciona más detalles sobre el producto o aspecto que deseas analizar para ofrecerte una respuesta más precisa."
2024-10-12 17:09:45.935766,10.	¿Qué aspectos positivos destacan los usuarios al usar Photoshop para diseño gráfico?,"Para analizar las reseñas y destacar los aspectos positivos de los usuarios al usar Photoshop para diseño gráfico, primero debemos revisar detenidamente las opiniones proporcionadas en el contexto. A continuación, presentaré un resumen de los comentarios relevantes:

En primer lugar, un usuario menciona que le encanta el programa y destaca que hace que Photoshop sea casi innecesario para muchas de sus fotos. Además, resalta la rapidez del programa al no tener que abrir y guardar constantemente, lo cual facilita copiar ajustes de una foto a otra.

Por otro lado, se menciona que el programa realiza algunas funciones adecuadamente. Sin embargo, se critica fuertemente la interfaz de usuario en esta versión específica. El usuario expresa que todo parece estar diseñado para trabajar con una sola cosa a la vez, lo cual dificulta repetir acciones mediante teclado o ratón.

En resumen, los aspectos positivos destacados por los usuarios al utilizar este programa para diseño gráfico incluyen su eficacia en la edición de fotos, la rapidez en el proceso y la facilidad para copiar ajustes entre imágenes.

Diagnóstico de polaridad:
- En general, las opiniones son mixtas con una ligera tendencia negativa debido a problemas con la interfaz y falta de respuesta por parte del soporte técnico.
"
2024-10-12 17:10:24.072257,¿Qué piensan los usuarios sobre la usabilidad del software McAfee Internet Security?,"Para analizar las opiniones de los usuarios sobre la usabilidad del software McAfee Internet Security, es importante destacar algunos puntos clave identificados en las reseñas:

- Facilidad de instalación: Los usuarios mencionan que la instalación es fácil en Windows, pero problemática en macOS. Algunos indican que se requiere crédito para la activación, lo cual genera inconvenientes.

- Problemas de activación y renovación: Se reportan dificultades con la activación y renovación de suscripciones, lo que lleva a una percepción negativa de la experiencia de uso.

- Rendimiento en macOS: Varios usuarios comentan que el software no funciona bien en macOS, bloqueando funciones y generando molestias al usuario.

- Actualizaciones automáticas: A pesar de tener configuradas las actualizaciones automáticas, algunos usuarios señalan que el software no se actualiza correctamente, lo que pone en duda su efectividad para proteger el sistema.

- Experiencia general insatisfactoria: La mayoría de las reseñas expresan frustración con McAfee Internet Security debido a problemas recurrentes como adware intrusivo, solicitudes constantes de compra adicional y fallos en la protección del dispositivo.

En conclusión, los usuarios muestran una percepción mayormente negativa sobre la usabilidad del software McAfee Internet Security. Se destacan problemas significativos relacionados con la activación, renovación de suscripciones, rendimiento en macOS y actualizaciones automáticas. Estas opiniones reflejan una experiencia insatisfactoria para muchos usuarios, lo cual puede impactar negativamente en su confianza en el producto y su decisión de seguir utilizándolo."
2024-10-12 17:10:52.933246,¿Qué tan efectiva consideran los usuarios la protección de McAfee Internet Security frente a amenazas específicas como ransomware y spyware?,"Para evaluar la efectividad de McAfee Internet Security frente a amenazas específicas como ransomware y spyware, analicemos las reseñas proporcionadas:

1. **Usuario 1**: Describe que el software McAfee no funciona bien en macOS y menciona problemas recurrentes con adware y suscripciones adicionales. Concluye cambiando a otra solución de seguridad.

2. **Usuario 2**: Comenta que compró el producto esperando protección para dispositivos móviles, pero solo ofrece funciones antirrobo y copia de seguridad de contactos, no protección contra spyware y malware como se promociona.

3. **Usuario 3**: Experimentó dificultades al activar la suscripción del producto desde el CD recibido, lo que lleva a considerar la compra como una pérdida total.

4. **Usuario 4**: Señala que en su laptop con Windows 7, McAfee tarda mucho en cargar, no se actualiza automáticamente como debería y constantemente muestra vulnerabilidades sin corregirlas, generando dudas sobre si realmente está protegiendo su sistema.

En conclusión:
- Los usuarios expresan insatisfacción con McAfee Internet Security debido a problemas de funcionalidad, activación de suscripciones y falta de cumplimiento con las promesas de protección contra amenazas.
- Existe una percepción generalizada de ineficacia en la detección y prevención de ransomware y spyware por parte del software McAfee según las experiencias compartidas en las reseñas.
- La tendencia apunta hacia una baja confianza en la capacidad del producto para brindar una defensa sólida contra estas amenazas específicas.

Diagnóstico de polaridad: Las opiniones presentadas reflejan principalmente sentimientos negativos hacia la efectividad de McAfee Internet Security en la protección contra ransomware y spyware."
2024-10-12 17:11:44.304482,对TurboTax的体验如何描述,"Para analizar la experiencia de los usuarios con TurboTax basado en las reseñas proporcionadas, podemos identificar varios puntos clave:

1. **Facilidad de uso y actualizaciones**: Los usuarios mencionan que TurboTax fue fácil de usar para impuestos federales y estatales, pero tuvieron problemas al intentar actualizar el software en un Mac con OS X 10.3. Esto generó dificultades para completar el proceso, ya que no pudieron presentar electrónicamente debido a fallos en las actualizaciones.

2. **Precisión en cálculos y funcionalidades**: Un usuario expresó su descontento con la versión de TurboTax 2021 al intentar predecir los impuestos del año en curso. Señaló que las predicciones eran inexactas, especialmente en cuanto a ingresos por intereses e impuestos sobre ganancias de capital, lo cual resultó en cálculos erróneos.

3. **Comparación con H&R Block**: Otro usuario destacó su satisfacción con el software de H&R Block durante los últimos tres periodos fiscales, resaltando su facilidad de uso, actualizaciones oportunas y respaldo del servicio al cliente.

En conclusión:
- Los usuarios experimentaron dificultades con la actualización del software TurboTax en Mac y encontraron problemas de precisión en los cálculos fiscales para el año 2021.
- A pesar de las críticas hacia TurboTax 2021, se reconoce que versiones anteriores han sido útiles para calcular impuestos pasados.
- H&R Block fue mencionado como una alternativa satisfactoria por parte de un usuario.

En cuanto a la polaridad de las opiniones:
- Las reseñas reflejan principalmente una percepción negativa hacia la experiencia con TurboTax 2021 debido a problemas técnicos y errores en los cálculos.
- Por otro lado, H&R Block recibió comentarios positivos por su usabilidad y soporte.

Este análisis destaca la importancia tanto de la funcionalidad técnica como de la precisión en los cálculos para mejorar la satisfacción del usuario en plataformas fiscales como TurboTax."
2024-10-12 17:12:05.912385,"Amazon Prime Music no puede competir con Spotify en cuanto a la calidad de sonido, ¿cómo justifican los usuarios seguir usándolo?","Puedo ayudarte con el análisis de reseñas de productos en Amazon, proporcionando insights para mejorar la experiencia del cliente o el desarrollo de productos. ¿En qué área específica deseas que te ayude?"
2024-10-12 17:12:15.944268,"Amazon Prime Music no puede competir con Spotify en cuanto a la calidad de sonido, ¿cómo justifican los usuarios seguir usándolo?","Puedo ayudarte con el análisis de reseñas de productos en Amazon, proporcionando insights para mejorar la experiencia del cliente o el desarrollo de productos. ¿En qué área específica deseas que te ayude?"
2024-10-12 17:12:35.332748,¿Es mejor para los usuarios con creencias políticas conservadoras evitar el uso de plataformas de software respaldadas por empresas con políticas liberales?,"Puedo ayudarte con el análisis de reseñas de productos en Amazon, proporcionando insights para mejorar la experiencia del cliente o el desarrollo de productos. ¿En qué área específica deseas que te ayude?"
2024-10-12 17:20:42.133338,¿Es mejor para los usuarios con creencias políticas conservadoras evitar el uso de plataformas de software respaldadas por empresas con políticas liberales?,"Basándome en las reseñas proporcionadas, no hay una indicación clara de que los usuarios con creencias políticas conservadoras deban evitar el uso de plataformas de software respaldadas por empresas con políticas liberales. A continuación, presento un análisis detallado de las reseñas para ofrecer una perspectiva fundamentada:

1. El primer usuario menciona haber adquirido una suite de oficina para trabajar sin conexión a internet, pero se siente frustrado porque la aplicación requiere una conexión wifi cercana para funcionar. Esta experiencia no está directamente relacionada con creencias políticas.

2. En otra reseña, se destaca la preferencia por Microsoft Office en un entorno escolar, sin mencionar aspectos políticos. La recomendación se basa en la utilidad del software para enseñar a estudiantes.

3. Un usuario expresa su decepción al descubrir que el software no incluye una descarga específica para Texas al realizar sus impuestos. Esta crítica se centra en la funcionalidad del programa y no en consideraciones políticas.

4. Finalmente, un usuario menciona su preferencia por productos Mac pero reconoce la necesidad de utilizar Microsoft Office para acceder a ciertos archivos académicos. No se abordan opiniones políticas en esta revisión.

En conclusión, según las reseñas analizadas, no existe una correlación directa entre las creencias políticas conservadoras y la elección de plataformas de software respaldadas por empresas con políticas liberales. Las opiniones expresadas se enfocan principalmente en la funcionalidad y utilidad del software en lugar de consideraciones políticas."
2024-10-12 17:21:06.601677,en que me puedes ayudar?,"Basándome en las reseñas proporcionadas, puedo ayudarte a analizar la experiencia de los usuarios con un programa que parece ser de aprendizaje de idiomas. Aquí hay algunos insights basados en las opiniones expresadas:

1. **Dificultad de uso**: Según una reseña, el programa es considerado ""no amigable"" y ""muy difícil de usar"". Esto puede indicar problemas de usabilidad que podrían afectar la satisfacción del usuario.

2. **Problemas con el idioma**: Un usuario menciona que el programa comete errores básicos en inglés y francés al traducir, lo cual puede ser frustrante para aquellos que buscan aprender correctamente un nuevo idioma.

3. **Dificultades con el español**: Otra reseña indica que el programa es especialmente complicado para quienes no tienen conocimientos básicos de español, lo cual limita su utilidad y eficacia como herramienta de aprendizaje.

4. **Desafíos con la gramática y pronunciación**: Se destaca que el programa puede resultar complicado en cuanto a la gramática, especialmente con los verbos y pronombres, aunque puede ser útil para trabajar en la pronunciación.

En conclusión, basándonos en estas opiniones, parece que este programa de aprendizaje de idiomas podría presentar desafíos significativos en términos de usabilidad y precisión lingüística. Los usuarios parecen experimentar dificultades para utilizarlo efectivamente, especialmente si no tienen conocimientos previos del idioma enseñado. La polaridad general de las opiniones es negativa debido a las limitaciones mencionadas por los usuarios.

Si deseas más información detallada o análisis específicos sobre algún aspecto en particular, por favor házmelo saber."
2024-10-12 17:21:35.796490,testing,"Basándome en las reseñas proporcionadas, aquí está el análisis de la aplicación mencionada:

- La aplicación fue probada durante aproximadamente 5 minutos y luego eliminada debido a que el test no era preciso y la imagen estaba un poco borrosa. Sin embargo, se destaca que la variedad de tests disponibles es positiva.

- Se menciona que competir con amigos es divertido, lo cual indica una característica socialmente atractiva de la aplicación.

- Se recomienda altamente este producto para aquellos que deseen mejorar su concentración y enfoque mental. Parece ser desafiante y estimulante en ese sentido.

- A pesar de tener juegos de Unity, al presionar ciertas áreas, redirige a sitios web desconocidos, lo cual genera confusión y desagrado.

En conclusión, aunque la aplicación ofrece una amplia variedad de tests y promueve la competencia amistosa, los problemas relacionados con la precisión del test y las redirecciones no deseadas pueden afectar negativamente la experiencia del usuario. La recomendación general sería mejorar la precisión de los tests y evitar redirecciones inesperadas para garantizar una experiencia más satisfactoria para los usuarios. 

Diagnóstico de polaridad: 
- Positivo: 2 reseñas
- Negativo: 2 reseñas

Es importante considerar tanto los aspectos positivos como los negativos mencionados por los usuarios para tomar decisiones informadas sobre el desarrollo y mejora continua de la aplicación."
2024-10-12 17:47:34.041013,"Amazon Prime Music no puede competir con Spotify en cuanto a la calidad de sonido, ¿cómo justifican los usuarios seguir usándolo?","Puedo ayudarte con el análisis de reseñas de productos en Amazon, proporcionando insights para mejorar la experiencia del cliente o el desarrollo de productos. ¿En qué área específica deseas que te ayude?"
2024-10-12 17:47:51.559510,对TurboTax的体验如何描述？,"Para analizar la experiencia del usuario con TurboTax, es importante destacar varios aspectos clave mencionados en las reseñas:

1. **Capacidad de predicción de impuestos para el año en curso**: El usuario expresó interés en la capacidad de TurboTax para predecir los impuestos del año actual (2021) basándose en las reglas fiscales del año anterior. Sin embargo, señaló que las predicciones eran inexactas y que algunas funcionalidades importantes estaban ausentes.

2. **Problemas técnicos y actualizaciones**: Se menciona que hubo dificultades al actualizar el software de TurboTax en un sistema Mac, lo que resultó en tener que presentar las declaraciones de impuestos por correo en lugar de hacerlo electrónicamente.

3. **Limitaciones geográficas**: Un usuario menciona que no pudo encontrar una descarga específica para Texas, lo cual le llevó a considerar buscar ayuda externa para completar sus impuestos.

4. **Comparación con H&R Block**: Otro usuario destaca su experiencia positiva con el software de H&R Block durante los últimos tres periodos fiscales, resaltando la facilidad de uso y el soporte continuo por parte de la empresa.

En conclusión, las reseñas sobre TurboTax reflejan una mezcla de opiniones. Mientras algunos usuarios encuentran limitaciones en la precisión y usabilidad del programa, otros prefieren alternativas como H&R Block debido a su fiabilidad y apoyo constante. Es importante considerar estos puntos al evaluar la experiencia general con TurboTax.

Diagnóstico de polaridad:
- Las opiniones sobre TurboTax varían desde críticas negativas hasta comentarios neutrales o ligeramente positivos.
- Existen preocupaciones sobre la precisión de cálculos, problemas técnicos y limitaciones geográficas.
- Algunos usuarios valoran aspectos como la facilidad de uso y el soporte ofrecido por otras plataformas como H&R Block.

¡Espero que esta información te resulte útil! Si necesitas más detalles o análisis específicos, ¡no dudes en preguntar!"
2024-10-12 17:50:01.915821,4.	¿Cómo se sienten los usuarios acerca de las características de Amazon Prime Music cuando se usa en una PC?,"Para analizar cómo se sienten los usuarios acerca de las características de Amazon Prime Music cuando se usa en una PC, es importante considerar las reseñas y opiniones disponibles en la plataforma. 

En general, basándonos en el contexto proporcionado por el usuario que menciona problemas al intentar usar Prime Music fuera de Estados Unidos, podemos inferir que existen algunas dificultades relacionadas con la geolocalización y la compatibilidad regional de la aplicación.

Algunos insights potenciales podrían ser:

- Los usuarios pueden experimentar frustración al intentar acceder a contenido de Prime Music desde ubicaciones fuera de Estados Unidos debido a restricciones geográficas.
- La experiencia de uso puede variar dependiendo del país donde se esté utilizando la aplicación, lo que puede llevar a situaciones como bloqueos de contenido o solicitudes constantes de verificación de membresía.
- Es posible que los usuarios encuentren limitaciones en la funcionalidad de Prime Music en comparación con otras aplicaciones dentro del ecosistema Amazon, como Prime Video, lo cual podría generar insatisfacción.

En resumen, los usuarios podrían sentirse descontentos o decepcionados al utilizar Amazon Prime Music en una PC fuera de Estados Unidos debido a problemas relacionados con la membresía, acceso al contenido y funcionalidades limitadas.

Diagnóstico de polaridad: Negativo"
2024-10-12 17:50:27.612409,How do users feel about the features of Amazon Prime Music when used on a PC?,"Para analizar cómo se sienten los usuarios acerca de las características de Amazon Prime Music al ser utilizado en una PC, es importante revisar las reseñas proporcionadas en el contexto. A continuación, se presentan algunos insights basados en las opiniones expresadas:

1. **Tamaño de la biblioteca musical**: Un usuario menciona que le gustaría que la selección de música fuera más amplia, lo que sugiere que la variedad de canciones disponibles podría ser un factor importante para los usuarios al evaluar la plataforma.

2. **Costos adicionales**: Otro comentario señala que no está contento con tener que pagar extra por acceder a música ilimitada, incluso siendo miembro de Amazon Prime. Esto indica que el modelo de suscripción y los costos asociados pueden influir en la percepción de los usuarios sobre las características del servicio.

3. **Compatibilidad**: Algunos usuarios han experimentado problemas de compatibilidad con dispositivos específicos, como tablets HP, lo cual puede afectar la experiencia general al utilizar Amazon Prime Music en diferentes plataformas.

4. **Experiencia internacional**: Se menciona una dificultad específica relacionada con el uso de Amazon Prime Music fuera de Estados Unidos, lo cual destaca la importancia de la accesibilidad global y su impacto en la satisfacción del usuario.

En conclusión, las opiniones recopiladas sugieren que los usuarios pueden sentirse limitados por aspectos como la disponibilidad de contenido, costos adicionales y compatibilidad con diversos dispositivos al utilizar Amazon Prime Music en una PC. Estos factores pueden influir significativamente en la percepción y satisfacción del usuario con respecto a las características ofrecidas por el servicio.

Diagnóstico de polaridad: Las opiniones expresadas abarcan tanto aspectos positivos (como la facilidad para jugar diferentes juegos) como negativos (como limitaciones en la biblioteca musical y problemas de compatibilidad), lo que refleja una polaridad mixta en las experiencias compartidas por los usuarios."
2024-10-12 17:50:45.428185,5.	Welches Feedback geben Benutzer über die Leistung von Photoshop nach jahrelanger Nutzung?,"No tengo suficiente información para responder a esta pregunta. Por favor, proporciona más detalles sobre el producto o aspecto específico que deseas analizar en relación con la lección de Photoshop después de años de uso."
2024-10-12 17:50:59.460010,Welches Feedback geben Benutzer über die Leistung von Photoshop nach jahrelanger Nutzung?,"Para analizar el feedback de los usuarios sobre la performance de Photoshop después de años de uso, es necesario revisar las reseñas relevantes en Amazon. A continuación, se presentan algunas observaciones basadas en las reseñas proporcionadas:

- Los usuarios expresan que el programa les resulta muy útil y rápido, casi haciendo innecesario el uso de Photoshop para muchas de sus fotos.
- Se destaca la facilidad para copiar ajustes de una foto a otra, lo cual agiliza el proceso de edición.
- Sin embargo, también se menciona la dificultad para obtener respuestas a problemas menores por parte del soporte técnico de la empresa. Algunos usuarios experimentaron demoras significativas en recibir asistencia.
- Otros usuarios encuentran la interfaz confusa y esperan mejoras en versiones futuras del software.

En conclusión:
- A pesar de las funcionalidades positivas y eficiencia del programa, la atención al cliente y la claridad en la interfaz parecen ser áreas que podrían mejorar según las opiniones recopiladas.

Diagnóstico de polaridad: 
Las opiniones reflejan una mezcla de experiencias positivas y negativas, con aspectos destacables pero también áreas problemáticas a considerar."
2024-10-12 17:59:02.362012,"Amazon Prime Music no puede competir con Spotify en cuanto a la calidad de sonido, ¿cómo justifican los usuarios seguir usándolo?","Puedo ayudarte con el análisis de reseñas de productos en Amazon, proporcionando insights para mejorar la experiencia del cliente o el desarrollo de productos. ¿En qué área específica deseas que te ayude?"
2024-10-12 17:59:52.189465,"Amazon Prime Music no puede competir con Spotify en cuanto a la calidad de sonido, ¿cómo justifican los usuarios seguir usándolo?","Puedo ayudarte con el análisis de reseñas de productos en Amazon, proporcionando insights para mejorar la experiencia del cliente o el desarrollo de productos. ¿En qué área específica deseas que te ayude?"
2024-10-12 18:00:42.505407,¿Qué opinan los usuarios sobre Amazon Music?,"Puedo ayudarte con el análisis de reseñas de productos en Amazon, proporcionando insights para mejorar la experiencia del cliente o el desarrollo de productos. ¿En qué área específica deseas que te ayude?"
2024-10-12 18:00:49.673079,¿Qué opinan los usuarios sobre Amazon Music?,"Puedo ayudarte con el análisis de reseñas de productos en Amazon, proporcionando insights para mejorar la experiencia del cliente o el desarrollo de productos. ¿En qué área específica deseas que te ayude?

Para responder a tu consulta sobre Amazon Music, analicemos las reseñas proporcionadas:

- Se menciona que las aplicaciones de Prime Video y otros funcionan bien en Brasil, pero Amazon Music no es amigable y presenta problemas al acceder al contenido con una membresía Prime.
- A pesar de algunos problemas técnicos, se destaca que la aplicación es buena con pocos errores.
- Los usuarios expresan satisfacción general con la aplicación, aunque les gustaría una selección musical más amplia sin tener que pagar extra por música ilimitada.
- Algunos usuarios reportan que la biblioteca musical puede ser limitada y que canciones descargadas a veces se vuelven no disponibles con el tiempo.

En conclusión, los usuarios tienen opiniones mixtas sobre Amazon Music. Mientras algunos valoran la calidad general de la aplicación, otros destacan limitaciones en la biblioteca musical y problemas técnicos. La posibilidad de descargar música a un precio más accesible es apreciada, pero existen preocupaciones sobre la disponibilidad de ciertas canciones. La polaridad de las opiniones varía entre positivas y negativas, lo que indica una percepción diversa entre los usuarios."
2024-10-12 18:01:10.668388,¿Cómo describen su experiencia con TurboTax?,"Para describir la experiencia con TurboTax basada en las reseñas proporcionadas, se pueden extraer varios puntos clave:

- **Facilidad de uso y navegación**: Los usuarios mencionan que TurboTax es fácil de usar tanto para impuestos federales como estatales, lo que facilita el proceso de declaración de impuestos.

- **Actualizaciones y soporte técnico**: Se destaca que las actualizaciones son importantes para garantizar un funcionamiento óptimo del software. Sin embargo, algunos usuarios experimentaron problemas al intentar actualizar el software en sistemas Mac, lo que resultó en la necesidad de presentar físicamente las formas en lugar de presentar electrónicamente.

- **Capacidad predictiva y precisión**: Algunos usuarios expresan frustración con la capacidad predictiva del software para calcular los impuestos del año actual (2021) basándose en reglas fiscales anteriores. Se señala que las predicciones pueden ser inexactas y no reflejar con precisión la situación fiscal real.

- **Valor percibido y compromiso de H&R Block**: Un usuario elogia el software H&R Block por su facilidad de uso, guía paso a paso y actualizaciones oportunas. Además, destaca el respaldo y compromiso de H&R Block con los usuarios, ofreciendo beneficios similares a los obtenidos en sus oficinas de preparación de impuestos.

En conclusión, las opiniones sobre TurboTax varían desde la satisfacción por su simplicidad hasta la frustración por problemas técnicos y discrepancias en los cálculos fiscales. La capacidad predictiva del software parece ser un área de mejora identificada por los usuarios. La experiencia general con TurboTax está influenciada por factores como la facilidad de uso, la precisión en los cálculos fiscales y el soporte técnico ofrecido."
2024-10-12 18:01:28.998142,¿Qué tan efectiva consideran los usuarios la protección de McAfee Internet Security frente a amenazas específicas como ransomware y spyware?,"La protección de McAfee Internet Security frente a amenazas específicas como ransomware y spyware parece no ser efectiva según las reseñas analizadas. Los usuarios han expresado diversas preocupaciones y problemas con el software:

- Varios usuarios mencionan que el software no protege eficazmente contra amenazas específicas como ransomware y spyware.
- Se reportan dificultades en la activación de suscripciones, lo que genera frustración y sensación de desperdicio de tiempo y dinero.
- La lentitud en cargar la aplicación, junto con problemas para mantener la protección actualizada automáticamente, ha llevado a algunos usuarios a cuestionar la efectividad del software en general.
- Algunos usuarios han optado por desinstalar McAfee Internet Security debido a su falta de funcionalidad esperada y han considerado volver a soluciones anteriores.

En conclusión, basándonos en las reseñas analizadas, los usuarios no consideran que McAfee Internet Security brinde una protección efectiva contra ransomware y spyware, además de presentar inconvenientes en su funcionamiento general. Esta información sugiere que los usuarios podrían estar buscando alternativas más confiables para garantizar la seguridad de sus dispositivos."
2024-10-12 18:12:12.155887,¿Qué opinan los usuarios sobre Amazon Music?,"Puedo ayudarte con el análisis de reseñas de productos en Amazon, proporcionando insights para mejorar la experiencia del cliente o el desarrollo de productos. ¿En qué área específica deseas que te ayude?

Para responder a la consulta sobre Amazon Music, analicemos las opiniones de los usuarios expresadas en las reseñas mencionadas:

- Los usuarios parecen estar satisfechos con la funcionalidad general de Amazon Music, especialmente en comparación con otros servicios similares.
- Se destaca que la aplicación tiene algunos errores o bugs que podrían afectar la experiencia del usuario.
- Algunos usuarios consideran que la interfaz no es muy amigable, lo que puede dificultar su uso.
- Existe una discrepancia en cuanto a la selección de música disponible, ya que algunos usuarios desearían una biblioteca más amplia sin tener que pagar extra por el servicio ilimitado.
- Se menciona una preocupación respecto a canciones y artistas que pueden volverse no disponibles con el tiempo, lo cual puede ser frustrante para los usuarios.

En conclusión, los usuarios tienen opiniones mixtas sobre Amazon Music. Aunque valoran aspectos como la calidad del servicio y la integración con otros productos de Amazon, también señalan áreas de mejora como la interfaz, la disponibilidad de contenido y posibles problemas técnicos. La variedad y estabilidad del catálogo musical son aspectos clave para muchos usuarios."
2024-10-12 18:12:39.110345,Dame opiniones sobre la usabilidad de McAfee,"Para analizar las opiniones sobre la usabilidad de McAfee en base a las reseñas proporcionadas, podemos identificar los siguientes puntos clave:

1. **Instalación y Activación**: 
   - Algunos usuarios mencionan que la instalación es fácil en Windows pero problemática en macOS.
   - Se reporta dificultad en activar la suscripción, lo que lleva a una experiencia negativa.

2. **Rendimiento y Velocidad**:
   - Usuarios experimentan lentitud en el inicio del programa, con tiempos de inicialización superiores a 5 minutos.
   - La lentitud percibida puede resultar frustrante para los usuarios acostumbrados a un rendimiento más rápido con otros programas similares.

3. **Protección y Efectividad**:
   - A pesar de su capacidad para detectar virus comunes, algunos usuarios mencionan que McAfee no bloquea eficazmente amenazas en macOS.
   - Se señala la presencia de adware y notificaciones constantes para comprar más suscripciones, lo que genera molestias y desconfianza en la efectividad del software.

4. **Experiencia General**:
   - Usuarios con experiencias previas con Norton destacan una transición negativa hacia McAfee debido a problemas de usabilidad y funcionalidad.
   - La falta de sincronización con cuentas existentes de Norton también se menciona como un inconveniente significativo.

En conclusión, las opiniones sobre la usabilidad de McAfee basadas en estas reseñas son mixtas, con aspectos positivos como detección de virus comunes a precios accesibles, pero fuertes críticas relacionadas con problemas de instalación, activación, rendimiento lento y molestias constantes por adware y notificaciones intrusivas. Estos factores pueden influir negativamente en la percepción general del producto por parte de los usuarios."
2024-10-12 18:12:48.687317,¿Cómo describen su experiencia con TurboTax?,Puedo ayudarte con el análisis de las reseñas de TurboTax en Amazon para proporcionarte insights sobre la experiencia de los usuarios con este software. ¿En qué aspecto específico te gustaría profundizar o qué información estás buscando sobre TurboTax?
2024-10-12 18:20:08.757871,¿Qué opinan los usuarios sobre Amazon Music?,"Puedo ayudarte con el análisis de reseñas de productos en Amazon, proporcionando insights para mejorar la experiencia del cliente o el desarrollo de productos. ¿En qué área específica deseas que te ayude? 

En cuanto a la opinión de los usuarios sobre Amazon Music basada en las reseñas proporcionadas, aquí hay un resumen:

- Los usuarios parecen estar contentos con la funcionalidad general de la aplicación, destacando que es buena y tiene pocos errores.
- Algunos mencionan que la interfaz no es muy amigable, lo que podría afectar la experiencia de uso.
- A pesar de estar satisfechos en general, hay críticas sobre la selección limitada de música disponible y el hecho de tener que pagar extra por el servicio ilimitado, incluso siendo miembros Prime.
- Se señala también que a lo largo del tiempo han experimentado problemas con canciones que descargaron previamente y luego se hicieron no disponibles en Amazon Music.

En conclusión, los usuarios tienen opiniones mixtas sobre Amazon Music. Mientras algunos están felices con la aplicación y su funcionamiento general, otros expresan preocupaciones sobre la selección limitada de música y los costos adicionales asociados al servicio ilimitado. La falta de algunas canciones descargadas anteriormente también ha sido un punto negativo para algunos usuarios. Es importante considerar estos aspectos al analizar las reseñas para identificar áreas de mejora y satisfacer las necesidades del mercado."
2024-10-12 18:20:21.217695,Dame opiniones sobre la usabilidad de McAfee,"Para evaluar la usabilidad de McAfee según las reseñas proporcionadas, podemos identificar varios aspectos clave mencionados por los usuarios:

- **Activación de la suscripción:** Varios usuarios reportan dificultades en activar la suscripción, lo que genera frustración y percepción de pérdida de tiempo.

- **Instalación en diferentes sistemas operativos:** Se destaca una diferencia significativa en la facilidad de instalación entre Windows y MacOS. Mientras que algunos usuarios mencionan que la instalación es fácil en Windows, otros experimentan problemas importantes en MacOS.

- **Protección contra virus comunes:** A pesar de algunas críticas, se reconoce que McAfee puede detectar y eliminar virus comunes de manera efectiva.

- **Problemas de adware y publicidad:** Algunos usuarios expresan molestia por recibir constantes notificaciones para comprar más suscripciones, lo cual perciben como un exceso de publicidad intrusiva.

- **Incompatibilidad con MacOS:** Varios usuarios señalan que McAfee no funciona correctamente en MacOS, bloqueando demasiadas funciones y generando inconvenientes en el uso diario.

- **Comparación con otras soluciones:** Se menciona la posibilidad de cambiar a Windows Defender u otras opciones provistas por proveedores de servicios de Internet debido a las deficiencias encontradas con McAfee.

En conclusión, basándonos en las reseñas analizadas, la usabilidad de McAfee parece presentar desafíos significativos para los usuarios. Las dificultades con la activación, instalación en MacOS y el exceso de publicidad pueden afectar negativamente la experiencia del usuario. Se sugiere considerar estas opiniones al evaluar la idoneidad de McAfee como solución antivirus."
